CREATE DATABASE theatre;

USE theatre;

CREATE TABLE  Theatre 
(
    theatreid INT (11) NOT NULL AUTO_INCREMENT,
    address  VARCHAR(100),
    title  VARCHAR(100),
    PRIMARY KEY (theatreid)
);			

CREATE TABLE Places 
(
	placeid INT (11) NOT NULL AUTO_INCREMENT,
    PRIMARY KEY (placeid),
    theatreid INT (11),
	row INT (11),
    number INT (11),
    type INT (11),
	FOREIGN KEY (theatreid) REFERENCES Theatre (theatreid) ON DELETE CASCADE ON UPDATE SET NULL 
);			

CREATE TABLE Persons 
(
    personid INT (11) NOT NULL AUTO_INCREMENT,
    firstName TEXT,
    lastName TEXT,
    PRIMARY KEY (personid)
);			

CREATE TABLE Performances 
(
    performanceid INT (11) NOT NULL AUTO_INCREMENT,
    title VARCHAR(100),
    directorid INT (11),
    theatreid INT (11),
    duration INT (11),
	FOREIGN KEY (directorid) REFERENCES Persons (personid) ON DELETE SET NULL ON UPDATE SET NULL ,
	FOREIGN KEY (theatreid) REFERENCES Theatre (theatreid) ON DELETE CASCADE ON UPDATE SET NULL ,
    PRIMARY KEY (performanceid)
);			

CREATE TABLE Shows 
(
    showid INT (11) NOT NULL AUTO_INCREMENT,
    PRIMARY KEY (showid),
    performanceid INT (11),
    date DATETIME,
	FOREIGN KEY (performanceid) REFERENCES Performances (performanceid) ON DELETE CASCADE ON UPDATE SET NULL 
);

CREATE TABLE Roles 
(
    roleid INT (11) NOT NULL AUTO_INCREMENT,
    actorid INT (11),
    performanceid INT (11),
	FOREIGN KEY (actorid) REFERENCES Persons (personid) ON DELETE CASCADE ON UPDATE SET NULL ,
	FOREIGN KEY (performanceid) REFERENCES Performances (performanceid) ON DELETE CASCADE ON UPDATE SET NULL ,
    PRIMARY KEY (roleid)
);				

CREATE TABLE Costs 
(
    costid INT (11) NOT NULL AUTO_INCREMENT,
    PRIMARY KEY (costid),
    type INT (11),
    SHOWID INT (11),
    PRICE int (11) ,
	FOREIGN KEY (SHOWID) REFERENCES Shows (SHOWID) ON DELETE CASCADE ON UPDATE SET NULL 
);				

CREATE TABLE Occupieds
(
    occupiedid INT (11) NOT NULL AUTO_INCREMENT,
    placeid INT (11),
    showid INT (11),
	isOccupied BOOLEAN,
	FOREIGN KEY (placeid) REFERENCES Places (placeid) ON DELETE CASCADE ON UPDATE SET NULL ,
	FOREIGN KEY (showid) REFERENCES Shows (showid) ON DELETE CASCADE ON UPDATE SET NULL ,
    PRIMARY KEY (occupiedid)
);		

CREATE TABLE Registration
(
	registrationid INT (11) NOT NULL AUTO_INCREMENT PRIMARY KEY,
	login VARCHAR (127) NOT NULL,
	password VARCHAR (127) NOT NULL
);		

INSERT INTO Theatre VALUES (1, 'New York', 'War Memorial Opera House');
INSERT INTO Theatre VALUES (2, 'Madrid', 'Plush Room');
INSERT INTO Theatre VALUES (3, 'Munich', 'Curran Theatre');
INSERT INTO Theatre VALUES (4, 'Los Angeles', 'Bayview Opera House');
INSERT INTO Theatre VALUES (5, 'Moscow', 'Orpheum Theatre');
INSERT INTO Theatre VALUES (6, 'Madrid', 'Curran Theatre');
INSERT INTO Theatre VALUES (7, 'Munich', 'Curran Theatre');
INSERT INTO Theatre VALUES (8, 'Los Angeles', 'War Memorial Opera House');
INSERT INTO Theatre VALUES (9, 'London', 'Curran Theatre');
INSERT INTO Theatre VALUES (10, 'Paris', 'Orpheum Theatre');
INSERT INTO Theatre VALUES (11, 'Moscow', 'Orpheum Theatre');
INSERT INTO Theatre VALUES (12, 'London', 'Davies Symphony Hall');
INSERT INTO Theatre VALUES (13, 'Paris', 'Golden Gate Theatre');
INSERT INTO Theatre VALUES (14, 'London', 'Davies Symphony Hall');
INSERT INTO Theatre VALUES (15, 'Munich', 'Davies Symphony Hall');
INSERT INTO Theatre VALUES (16, 'Paris', 'Orpheum Theatre');
INSERT INTO Theatre VALUES (17, 'New York', 'Plush Room');
INSERT INTO Theatre VALUES (18, 'Paris', 'Golden Gate Theatre');
INSERT INTO Theatre VALUES (19, 'Los Angeles', 'Plush Room');
INSERT INTO Theatre VALUES (20, 'Moscow', 'Orpheum Theatre');
INSERT INTO Theatre VALUES (21, 'New York', 'Plush Room');
INSERT INTO Theatre VALUES (22, 'New York', 'Golden Gate Theatre');
INSERT INTO Theatre VALUES (23, 'New York', 'Plush Room');
INSERT INTO Theatre VALUES (24, 'London', 'Davies Symphony Hall');
INSERT INTO Theatre VALUES (25, 'Los Angeles', 'War Memorial Opera House');

INSERT INTO Persons VALUES (1, 'Scarlett', 'Aykroyd');
INSERT INTO Persons VALUES (2, 'Den', 'the Apostle');
INSERT INTO Persons VALUES (3, 'Lindsey', 'Tudyk');
INSERT INTO Persons VALUES (4, 'Alan', 'Johansson');
INSERT INTO Persons VALUES (5, 'Pavel', 'Pitt');
INSERT INTO Persons VALUES (6, 'Bred', 'Lohan');
INSERT INTO Persons VALUES (7, 'Tom', 'Tudyk');
INSERT INTO Persons VALUES (8, 'Tom', 'Tudyk');
INSERT INTO Persons VALUES (9, 'Pavel', 'Johansson');
INSERT INTO Persons VALUES (10, 'Bred', 'Cruise');
INSERT INTO Persons VALUES (11, 'Tom', 'Tudyk');
INSERT INTO Persons VALUES (12, 'Pavel', 'Pitt');
INSERT INTO Persons VALUES (13, 'Pavel', 'Pitt');
INSERT INTO Persons VALUES (14, 'Tom', 'Aykroyd');
INSERT INTO Persons VALUES (15, 'Lindsey', 'Tudyk');
INSERT INTO Persons VALUES (16, 'Bred', 'Cruise');
INSERT INTO Persons VALUES (17, 'Pavel', 'Johansson');
INSERT INTO Persons VALUES (18, 'Alan', 'Johansson');
INSERT INTO Persons VALUES (19, 'Den', 'Johansson');
INSERT INTO Persons VALUES (20, 'Scarlett', 'Pitt');
INSERT INTO Persons VALUES (21, 'Den', 'Johansson');
INSERT INTO Persons VALUES (22, 'Tom', 'Tudyk');
INSERT INTO Persons VALUES (23, 'Tom', 'the Apostle');
INSERT INTO Persons VALUES (24, 'Pavel', 'Johansson');
INSERT INTO Persons VALUES (25, 'Alan', 'the Apostle');

INSERT INTO Performances VALUES (1, 'Les Huguenots', 3, 5, 111);
INSERT INTO Performances VALUES (2, 'Les Huguenots', 5, 1, 17);
INSERT INTO Performances VALUES (3, 'Gustave III', 6, 6, 34);
INSERT INTO Performances VALUES (4, 'Les martyrs', 1, 1, 72);
INSERT INTO Performances VALUES (5, 'Guillaume Tell', 1, 1, 59);
INSERT INTO Performances VALUES (6, 'Guillaume Tell', 4, 3, 108);
INSERT INTO Performances VALUES (7, 'Guillaume Tell', 3, 2, 90);
INSERT INTO Performances VALUES (8, 'Robert le diable', 4, 1, 77);
INSERT INTO Performances VALUES (9, 'La Juive', 4, 6, 108);
INSERT INTO Performances VALUES (10, 'Robert le diable', 2, 5, 90);
INSERT INTO Performances VALUES (11, 'Les Huguenots', 1, 1, 19);
INSERT INTO Performances VALUES (12, 'Les Huguenots', 5, 1, 8);
INSERT INTO Performances VALUES (13, 'Les Huguenots', 2, 4, 84);
INSERT INTO Performances VALUES (14, 'Guillaume Tell', 1, 4, 62);
INSERT INTO Performances VALUES (15, 'Les martyrs', 1, 2, 51);
INSERT INTO Performances VALUES (16, 'La Juive', 1, 2, 41);
INSERT INTO Performances VALUES (17, 'Robert le diable', 4, 3, 78);
INSERT INTO Performances VALUES (18, 'Robert le diable', 4, 1, 15);
INSERT INTO Performances VALUES (19, 'Les martyrs', 1, 5, 22);
INSERT INTO Performances VALUES (20, 'Les Huguenots', 5, 1, 15);
INSERT INTO Performances VALUES (21, 'Les martyrs', 2, 2, 36);
INSERT INTO Performances VALUES (22, 'La Juive', 6, 1, 32);
INSERT INTO Performances VALUES (23, 'Les Huguenots', 5, 1, 66);
INSERT INTO Performances VALUES (24, 'Gustave III', 5, 3, 101);
INSERT INTO Performances VALUES (25, 'Les Huguenots', 3, 6, 71);

INSERT INTO Roles VALUES (1, 4, 1);
INSERT INTO Roles VALUES (2, 9, 1);
INSERT INTO Roles VALUES (3, 5, 1);
INSERT INTO Roles VALUES (4, 10, 1);
INSERT INTO Roles VALUES (5, 3, 1);
INSERT INTO Roles VALUES (6, 10, 2);
INSERT INTO Roles VALUES (7, 8, 2);
INSERT INTO Roles VALUES (8, 3, 2);
INSERT INTO Roles VALUES (9, 9, 2);
INSERT INTO Roles VALUES (10, 5, 3);
INSERT INTO Roles VALUES (11, 9, 3);
INSERT INTO Roles VALUES (12, 10, 3);
INSERT INTO Roles VALUES (13, 7, 3);
INSERT INTO Roles VALUES (14, 3, 3);
INSERT INTO Roles VALUES (15, 8, 4);
INSERT INTO Roles VALUES (16, 10, 4);
INSERT INTO Roles VALUES (17, 9, 4);
INSERT INTO Roles VALUES (18, 4, 4);
INSERT INTO Roles VALUES (19, 10, 5);
INSERT INTO Roles VALUES (20, 2, 5);
INSERT INTO Roles VALUES (21, 3, 5);
INSERT INTO Roles VALUES (22, 7, 5);
INSERT INTO Roles VALUES (23, 1, 5);
INSERT INTO Roles VALUES (24, 2, 6);
INSERT INTO Roles VALUES (25, 5, 6);
INSERT INTO Roles VALUES (26, 4, 6);
INSERT INTO Roles VALUES (27, 8, 6);
INSERT INTO Roles VALUES (28, 10, 7);
INSERT INTO Roles VALUES (29, 9, 7);
INSERT INTO Roles VALUES (30, 8, 7);
INSERT INTO Roles VALUES (31, 6, 8);
INSERT INTO Roles VALUES (32, 10, 8);
INSERT INTO Roles VALUES (33, 2, 8);
INSERT INTO Roles VALUES (34, 5, 8);
INSERT INTO Roles VALUES (35, 9, 9);
INSERT INTO Roles VALUES (36, 6, 9);
INSERT INTO Roles VALUES (37, 1, 9);
INSERT INTO Roles VALUES (38, 10, 9);
INSERT INTO Roles VALUES (39, 8, 9);
INSERT INTO Roles VALUES (40, 8, 10);
INSERT INTO Roles VALUES (41, 6, 10);
INSERT INTO Roles VALUES (42, 4, 10);
INSERT INTO Roles VALUES (43, 7, 10);
INSERT INTO Roles VALUES (44, 10, 10);
INSERT INTO Roles VALUES (45, 2, 11);
INSERT INTO Roles VALUES (46, 6, 11);
INSERT INTO Roles VALUES (47, 4, 11);
INSERT INTO Roles VALUES (48, 10, 11);
INSERT INTO Roles VALUES (49, 8, 11);
INSERT INTO Roles VALUES (50, 5, 12);
INSERT INTO Roles VALUES (51, 4, 12);
INSERT INTO Roles VALUES (52, 7, 12);
INSERT INTO Roles VALUES (53, 9, 12);
INSERT INTO Roles VALUES (54, 3, 13);
INSERT INTO Roles VALUES (55, 2, 13);
INSERT INTO Roles VALUES (56, 6, 13);
INSERT INTO Roles VALUES (57, 1, 13);
INSERT INTO Roles VALUES (58, 4, 13);
INSERT INTO Roles VALUES (59, 7, 14);
INSERT INTO Roles VALUES (60, 5, 14);
INSERT INTO Roles VALUES (61, 3, 14);
INSERT INTO Roles VALUES (62, 4, 14);
INSERT INTO Roles VALUES (63, 4, 15);
INSERT INTO Roles VALUES (64, 8, 15);
INSERT INTO Roles VALUES (65, 6, 15);
INSERT INTO Roles VALUES (66, 3, 15);
INSERT INTO Roles VALUES (67, 5, 15);
INSERT INTO Roles VALUES (68, 1, 16);
INSERT INTO Roles VALUES (69, 2, 16);
INSERT INTO Roles VALUES (70, 10, 16);
INSERT INTO Roles VALUES (71, 10, 17);
INSERT INTO Roles VALUES (72, 9, 17);
INSERT INTO Roles VALUES (73, 5, 17);
INSERT INTO Roles VALUES (74, 5, 18);
INSERT INTO Roles VALUES (75, 8, 18);
INSERT INTO Roles VALUES (76, 3, 18);
INSERT INTO Roles VALUES (77, 9, 18);
INSERT INTO Roles VALUES (78, 3, 19);
INSERT INTO Roles VALUES (79, 9, 19);
INSERT INTO Roles VALUES (80, 2, 19);
INSERT INTO Roles VALUES (81, 7, 19);
INSERT INTO Roles VALUES (82, 1, 19);
INSERT INTO Roles VALUES (83, 3, 20);
INSERT INTO Roles VALUES (84, 7, 20);
INSERT INTO Roles VALUES (85, 4, 20);
INSERT INTO Roles VALUES (86, 2, 20);
INSERT INTO Roles VALUES (87, 4, 21);
INSERT INTO Roles VALUES (88, 3, 21);
INSERT INTO Roles VALUES (89, 5, 21);
INSERT INTO Roles VALUES (90, 2, 21);
INSERT INTO Roles VALUES (91, 9, 21);
INSERT INTO Roles VALUES (92, 8, 22);
INSERT INTO Roles VALUES (93, 4, 22);
INSERT INTO Roles VALUES (94, 6, 22);
INSERT INTO Roles VALUES (95, 5, 22);
INSERT INTO Roles VALUES (96, 2, 23);
INSERT INTO Roles VALUES (97, 3, 23);
INSERT INTO Roles VALUES (98, 7, 23);
INSERT INTO Roles VALUES (99, 1, 23);
INSERT INTO Roles VALUES (100, 9, 24);
INSERT INTO Roles VALUES (101, 5, 24);
INSERT INTO Roles VALUES (102, 4, 24);
INSERT INTO Roles VALUES (103, 3, 24);
INSERT INTO Roles VALUES (104, 10, 24);
INSERT INTO Roles VALUES (105, 5, 25);
INSERT INTO Roles VALUES (106, 2, 25);
INSERT INTO Roles VALUES (107, 3, 25);

INSERT INTO Shows VALUES (1, 1, '2011-01-16 21:50:00');
INSERT INTO Shows VALUES (2, 1, '2011-12-22 22:00:00');
INSERT INTO Shows VALUES (3, 1, '2011-02-01 20:00:00');
INSERT INTO Shows VALUES (4, 1, '2011-08-20 10:55:00');
INSERT INTO Shows VALUES (5, 1, '2011-01-16 21:50:00');
INSERT INTO Shows VALUES (6, 2, '2011-01-09 21:30:00');
INSERT INTO Shows VALUES (7, 2, '2011-12-22 22:00:00');
INSERT INTO Shows VALUES (8, 3, '2011-08-20 10:55:00');
INSERT INTO Shows VALUES (9, 3, '2011-08-20 10:55:00');
INSERT INTO Shows VALUES (10, 3, '2011-08-20 10:55:00');
INSERT INTO Shows VALUES (11, 4, '2011-04-12 21:40:00');
INSERT INTO Shows VALUES (12, 4, '2011-12-22 22:00:00');
INSERT INTO Shows VALUES (13, 4, '2011-06-11 21:00:00');
INSERT INTO Shows VALUES (14, 4, '2011-01-16 21:50:00');
INSERT INTO Shows VALUES (15, 4, '2011-02-01 20:00:00');
INSERT INTO Shows VALUES (16, 5, '2011-01-09 21:30:00');
INSERT INTO Shows VALUES (17, 6, '2011-01-16 21:50:00');
INSERT INTO Shows VALUES (18, 6, '2011-04-12 21:40:00');
INSERT INTO Shows VALUES (19, 7, '2011-01-16 21:50:00');
INSERT INTO Shows VALUES (20, 7, '2011-01-09 21:30:00');
INSERT INTO Shows VALUES (21, 8, '2011-02-01 20:00:00');
INSERT INTO Shows VALUES (22, 9, '2011-01-16 21:50:00');
INSERT INTO Shows VALUES (23, 9, '2011-04-12 21:40:00');
INSERT INTO Shows VALUES (24, 10, '2011-01-16 21:50:00');
INSERT INTO Shows VALUES (25, 10, '2011-06-11 21:00:00');
INSERT INTO Shows VALUES (26, 10, '2011-12-22 22:00:00');
INSERT INTO Shows VALUES (27, 10, '2011-08-20 10:55:00');
INSERT INTO Shows VALUES (28, 10, '2011-08-20 10:55:00');
INSERT INTO Shows VALUES (29, 11, '2011-01-09 21:30:00');
INSERT INTO Shows VALUES (30, 12, '2011-01-09 21:30:00');
INSERT INTO Shows VALUES (31, 12, '2011-02-01 20:00:00');
INSERT INTO Shows VALUES (32, 12, '2011-12-22 22:00:00');
INSERT INTO Shows VALUES (33, 12, '2011-04-12 21:40:00');
INSERT INTO Shows VALUES (34, 12, '2011-04-12 21:40:00');
INSERT INTO Shows VALUES (35, 13, '2011-04-12 21:40:00');
INSERT INTO Shows VALUES (36, 13, '2011-08-20 10:55:00');
INSERT INTO Shows VALUES (37, 13, '2011-06-11 21:00:00');
INSERT INTO Shows VALUES (38, 13, '2011-06-11 21:00:00');
INSERT INTO Shows VALUES (39, 14, '2011-02-01 20:00:00');
INSERT INTO Shows VALUES (40, 14, '2011-01-16 21:50:00');
INSERT INTO Shows VALUES (41, 14, '2011-02-01 20:00:00');
INSERT INTO Shows VALUES (42, 14, '2011-06-11 21:00:00');
INSERT INTO Shows VALUES (43, 15, '2011-01-16 21:50:00');
INSERT INTO Shows VALUES (44, 15, '2011-01-09 21:30:00');
INSERT INTO Shows VALUES (45, 15, '2011-08-20 10:55:00');
INSERT INTO Shows VALUES (46, 15, '2011-06-11 21:00:00');
INSERT INTO Shows VALUES (47, 16, '2011-06-11 21:00:00');
INSERT INTO Shows VALUES (48, 16, '2011-06-11 21:00:00');
INSERT INTO Shows VALUES (49, 17, '2011-01-16 21:50:00');
INSERT INTO Shows VALUES (50, 17, '2011-06-11 21:00:00');
INSERT INTO Shows VALUES (51, 18, '2011-01-16 21:50:00');
INSERT INTO Shows VALUES (52, 18, '2011-06-11 21:00:00');
INSERT INTO Shows VALUES (53, 18, '2011-08-20 10:55:00');
INSERT INTO Shows VALUES (54, 18, '2011-04-12 21:40:00');
INSERT INTO Shows VALUES (55, 19, '2011-04-12 21:40:00');
INSERT INTO Shows VALUES (56, 19, '2011-06-11 21:00:00');
INSERT INTO Shows VALUES (57, 19, '2011-02-01 20:00:00');
INSERT INTO Shows VALUES (58, 20, '2011-01-09 21:30:00');
INSERT INTO Shows VALUES (59, 20, '2011-01-16 21:50:00');
INSERT INTO Shows VALUES (60, 20, '2011-01-16 21:50:00');
INSERT INTO Shows VALUES (61, 20, '2011-01-16 21:50:00');
INSERT INTO Shows VALUES (62, 21, '2011-06-11 21:00:00');
INSERT INTO Shows VALUES (63, 22, '2011-06-11 21:00:00');
INSERT INTO Shows VALUES (64, 22, '2011-01-16 21:50:00');
INSERT INTO Shows VALUES (65, 22, '2011-01-09 21:30:00');
INSERT INTO Shows VALUES (66, 22, '2011-02-01 20:00:00');
INSERT INTO Shows VALUES (67, 22, '2011-01-16 21:50:00');
INSERT INTO Shows VALUES (68, 23, '2011-08-20 10:55:00');
INSERT INTO Shows VALUES (69, 23, '2011-12-22 22:00:00');
INSERT INTO Shows VALUES (70, 23, '2011-02-01 20:00:00');
INSERT INTO Shows VALUES (71, 23, '2011-01-09 21:30:00');
INSERT INTO Shows VALUES (72, 23, '2011-02-01 20:00:00');
INSERT INTO Shows VALUES (73, 24, '2011-01-09 21:30:00');
INSERT INTO Shows VALUES (74, 24, '2011-06-11 21:00:00');
INSERT INTO Shows VALUES (75, 24, '2011-08-20 10:55:00');
INSERT INTO Shows VALUES (76, 24, '2011-04-12 21:40:00');
INSERT INTO Shows VALUES (77, 25, '2011-08-20 10:55:00');

INSERT INTO Costs VALUES (1, 1, 1, 6);
INSERT INTO Costs VALUES (2, 2, 1, 44);
INSERT INTO Costs VALUES (3, 0, 1, 96);
INSERT INTO Costs VALUES (4, 1, 2, 78);
INSERT INTO Costs VALUES (5, 2, 2, 39);
INSERT INTO Costs VALUES (6, 0, 2, 8);
INSERT INTO Costs VALUES (7, 1, 3, 61);
INSERT INTO Costs VALUES (8, 2, 3, 47);
INSERT INTO Costs VALUES (9, 0, 3, 10);
INSERT INTO Costs VALUES (10, 1, 4, 8);
INSERT INTO Costs VALUES (11, 2, 4, 89);
INSERT INTO Costs VALUES (12, 0, 4, 88);
INSERT INTO Costs VALUES (13, 1, 5, 78);
INSERT INTO Costs VALUES (14, 2, 5, 73);
INSERT INTO Costs VALUES (15, 0, 5, 66);
INSERT INTO Costs VALUES (16, 1, 6, 32);
INSERT INTO Costs VALUES (17, 2, 6, 50);
INSERT INTO Costs VALUES (18, 0, 6, 21);
INSERT INTO Costs VALUES (19, 1, 7, 50);
INSERT INTO Costs VALUES (20, 2, 7, 1);
INSERT INTO Costs VALUES (21, 0, 7, 16);
INSERT INTO Costs VALUES (22, 1, 8, 10);
INSERT INTO Costs VALUES (23, 2, 8, 14);
INSERT INTO Costs VALUES (24, 0, 8, 6);
INSERT INTO Costs VALUES (25, 1, 9, 98);
INSERT INTO Costs VALUES (26, 2, 9, 99);
INSERT INTO Costs VALUES (27, 0, 9, 88);
INSERT INTO Costs VALUES (28, 1, 10, 92);
INSERT INTO Costs VALUES (29, 2, 10, 100);
INSERT INTO Costs VALUES (30, 0, 10, 57);
INSERT INTO Costs VALUES (31, 1, 11, 88);
INSERT INTO Costs VALUES (32, 2, 11, 74);
INSERT INTO Costs VALUES (33, 0, 11, 69);
INSERT INTO Costs VALUES (34, 1, 12, 99);
INSERT INTO Costs VALUES (35, 2, 12, 99);
INSERT INTO Costs VALUES (36, 0, 12, 73);
INSERT INTO Costs VALUES (37, 1, 13, 1);
INSERT INTO Costs VALUES (38, 2, 13, 14);
INSERT INTO Costs VALUES (39, 0, 13, 29);
INSERT INTO Costs VALUES (40, 1, 14, 25);
INSERT INTO Costs VALUES (41, 2, 14, 86);
INSERT INTO Costs VALUES (42, 0, 14, 56);
INSERT INTO Costs VALUES (43, 1, 15, 95);
INSERT INTO Costs VALUES (44, 2, 15, 8);
INSERT INTO Costs VALUES (45, 0, 15, 50);
INSERT INTO Costs VALUES (46, 1, 16, 52);
INSERT INTO Costs VALUES (47, 2, 16, 64);
INSERT INTO Costs VALUES (48, 0, 16, 42);
INSERT INTO Costs VALUES (49, 1, 17, 17);
INSERT INTO Costs VALUES (50, 2, 17, 41);
INSERT INTO Costs VALUES (51, 0, 17, 25);
INSERT INTO Costs VALUES (52, 1, 18, 69);
INSERT INTO Costs VALUES (53, 2, 18, 41);
INSERT INTO Costs VALUES (54, 0, 18, 48);
INSERT INTO Costs VALUES (55, 1, 19, 1);
INSERT INTO Costs VALUES (56, 2, 19, 55);
INSERT INTO Costs VALUES (57, 0, 19, 37);
INSERT INTO Costs VALUES (58, 1, 20, 48);
INSERT INTO Costs VALUES (59, 2, 20, 84);
INSERT INTO Costs VALUES (60, 0, 20, 37);
INSERT INTO Costs VALUES (61, 1, 21, 97);
INSERT INTO Costs VALUES (62, 2, 21, 91);
INSERT INTO Costs VALUES (63, 0, 21, 12);
INSERT INTO Costs VALUES (64, 1, 22, 78);
INSERT INTO Costs VALUES (65, 2, 22, 96);
INSERT INTO Costs VALUES (66, 0, 22, 60);
INSERT INTO Costs VALUES (67, 1, 23, 38);
INSERT INTO Costs VALUES (68, 2, 23, 69);
INSERT INTO Costs VALUES (69, 0, 23, 66);
INSERT INTO Costs VALUES (70, 1, 24, 86);
INSERT INTO Costs VALUES (71, 2, 24, 18);
INSERT INTO Costs VALUES (72, 0, 24, 8);
INSERT INTO Costs VALUES (73, 1, 25, 100);
INSERT INTO Costs VALUES (74, 2, 25, 40);
INSERT INTO Costs VALUES (75, 0, 25, 77);
INSERT INTO Costs VALUES (76, 1, 26, 65);
INSERT INTO Costs VALUES (77, 2, 26, 99);
INSERT INTO Costs VALUES (78, 0, 26, 62);
INSERT INTO Costs VALUES (79, 1, 27, 43);
INSERT INTO Costs VALUES (80, 2, 27, 4);
INSERT INTO Costs VALUES (81, 0, 27, 45);
INSERT INTO Costs VALUES (82, 1, 28, 44);
INSERT INTO Costs VALUES (83, 2, 28, 88);
INSERT INTO Costs VALUES (84, 0, 28, 7);
INSERT INTO Costs VALUES (85, 1, 29, 26);
INSERT INTO Costs VALUES (86, 2, 29, 37);
INSERT INTO Costs VALUES (87, 0, 29, 91);
INSERT INTO Costs VALUES (88, 1, 30, 62);
INSERT INTO Costs VALUES (89, 2, 30, 58);
INSERT INTO Costs VALUES (90, 0, 30, 57);
INSERT INTO Costs VALUES (91, 1, 31, 15);
INSERT INTO Costs VALUES (92, 2, 31, 64);
INSERT INTO Costs VALUES (93, 0, 31, 30);
INSERT INTO Costs VALUES (94, 1, 32, 17);
INSERT INTO Costs VALUES (95, 2, 32, 79);
INSERT INTO Costs VALUES (96, 0, 32, 51);
INSERT INTO Costs VALUES (97, 1, 33, 21);
INSERT INTO Costs VALUES (98, 2, 33, 2);
INSERT INTO Costs VALUES (99, 0, 33, 43);
INSERT INTO Costs VALUES (100, 1, 34, 78);
INSERT INTO Costs VALUES (101, 2, 34, 80);
INSERT INTO Costs VALUES (102, 0, 34, 24);
INSERT INTO Costs VALUES (103, 1, 35, 19);
INSERT INTO Costs VALUES (104, 2, 35, 84);
INSERT INTO Costs VALUES (105, 0, 35, 1);
INSERT INTO Costs VALUES (106, 1, 36, 72);
INSERT INTO Costs VALUES (107, 2, 36, 18);
INSERT INTO Costs VALUES (108, 0, 36, 70);
INSERT INTO Costs VALUES (109, 1, 37, 91);
INSERT INTO Costs VALUES (110, 2, 37, 80);
INSERT INTO Costs VALUES (111, 0, 37, 32);
INSERT INTO Costs VALUES (112, 1, 38, 33);
INSERT INTO Costs VALUES (113, 2, 38, 13);
INSERT INTO Costs VALUES (114, 0, 38, 77);
INSERT INTO Costs VALUES (115, 1, 39, 99);
INSERT INTO Costs VALUES (116, 2, 39, 47);
INSERT INTO Costs VALUES (117, 0, 39, 94);
INSERT INTO Costs VALUES (118, 1, 40, 94);
INSERT INTO Costs VALUES (119, 2, 40, 42);
INSERT INTO Costs VALUES (120, 0, 40, 14);
INSERT INTO Costs VALUES (121, 1, 41, 61);
INSERT INTO Costs VALUES (122, 2, 41, 10);
INSERT INTO Costs VALUES (123, 0, 41, 100);
INSERT INTO Costs VALUES (124, 1, 42, 83);
INSERT INTO Costs VALUES (125, 2, 42, 57);
INSERT INTO Costs VALUES (126, 0, 42, 21);
INSERT INTO Costs VALUES (127, 1, 43, 86);
INSERT INTO Costs VALUES (128, 2, 43, 4);
INSERT INTO Costs VALUES (129, 0, 43, 65);
INSERT INTO Costs VALUES (130, 1, 44, 85);
INSERT INTO Costs VALUES (131, 2, 44, 61);
INSERT INTO Costs VALUES (132, 0, 44, 9);
INSERT INTO Costs VALUES (133, 1, 45, 88);
INSERT INTO Costs VALUES (134, 2, 45, 9);
INSERT INTO Costs VALUES (135, 0, 45, 26);
INSERT INTO Costs VALUES (136, 1, 46, 62);
INSERT INTO Costs VALUES (137, 2, 46, 62);
INSERT INTO Costs VALUES (138, 0, 46, 83);
INSERT INTO Costs VALUES (139, 1, 47, 76);
INSERT INTO Costs VALUES (140, 2, 47, 45);
INSERT INTO Costs VALUES (141, 0, 47, 96);
INSERT INTO Costs VALUES (142, 1, 48, 31);
INSERT INTO Costs VALUES (143, 2, 48, 56);
INSERT INTO Costs VALUES (144, 0, 48, 62);
INSERT INTO Costs VALUES (145, 1, 49, 25);
INSERT INTO Costs VALUES (146, 2, 49, 20);
INSERT INTO Costs VALUES (147, 0, 49, 44);
INSERT INTO Costs VALUES (148, 1, 50, 47);
INSERT INTO Costs VALUES (149, 2, 50, 100);
INSERT INTO Costs VALUES (150, 0, 50, 78);
INSERT INTO Costs VALUES (151, 1, 51, 41);
INSERT INTO Costs VALUES (152, 2, 51, 75);
INSERT INTO Costs VALUES (153, 0, 51, 48);
INSERT INTO Costs VALUES (154, 1, 52, 27);
INSERT INTO Costs VALUES (155, 2, 52, 28);
INSERT INTO Costs VALUES (156, 0, 52, 52);
INSERT INTO Costs VALUES (157, 1, 53, 21);
INSERT INTO Costs VALUES (158, 2, 53, 63);
INSERT INTO Costs VALUES (159, 0, 53, 39);
INSERT INTO Costs VALUES (160, 1, 54, 39);
INSERT INTO Costs VALUES (161, 2, 54, 96);
INSERT INTO Costs VALUES (162, 0, 54, 86);
INSERT INTO Costs VALUES (163, 1, 55, 52);
INSERT INTO Costs VALUES (164, 2, 55, 52);
INSERT INTO Costs VALUES (165, 0, 55, 87);
INSERT INTO Costs VALUES (166, 1, 56, 58);
INSERT INTO Costs VALUES (167, 2, 56, 69);
INSERT INTO Costs VALUES (168, 0, 56, 16);
INSERT INTO Costs VALUES (169, 1, 57, 15);
INSERT INTO Costs VALUES (170, 2, 57, 87);
INSERT INTO Costs VALUES (171, 0, 57, 57);
INSERT INTO Costs VALUES (172, 1, 58, 31);
INSERT INTO Costs VALUES (173, 2, 58, 25);
INSERT INTO Costs VALUES (174, 0, 58, 70);
INSERT INTO Costs VALUES (175, 1, 59, 47);
INSERT INTO Costs VALUES (176, 2, 59, 26);
INSERT INTO Costs VALUES (177, 0, 59, 31);
INSERT INTO Costs VALUES (178, 1, 60, 89);
INSERT INTO Costs VALUES (179, 2, 60, 85);
INSERT INTO Costs VALUES (180, 0, 60, 32);
INSERT INTO Costs VALUES (181, 1, 61, 49);
INSERT INTO Costs VALUES (182, 2, 61, 7);
INSERT INTO Costs VALUES (183, 0, 61, 1);
INSERT INTO Costs VALUES (184, 1, 62, 1);
INSERT INTO Costs VALUES (185, 2, 62, 23);
INSERT INTO Costs VALUES (186, 0, 62, 91);
INSERT INTO Costs VALUES (187, 1, 63, 95);
INSERT INTO Costs VALUES (188, 2, 63, 53);
INSERT INTO Costs VALUES (189, 0, 63, 42);
INSERT INTO Costs VALUES (190, 1, 64, 18);
INSERT INTO Costs VALUES (191, 2, 64, 31);
INSERT INTO Costs VALUES (192, 0, 64, 96);
INSERT INTO Costs VALUES (193, 1, 65, 12);
INSERT INTO Costs VALUES (194, 2, 65, 62);
INSERT INTO Costs VALUES (195, 0, 65, 5);
INSERT INTO Costs VALUES (196, 1, 66, 83);
INSERT INTO Costs VALUES (197, 2, 66, 98);
INSERT INTO Costs VALUES (198, 0, 66, 100);
INSERT INTO Costs VALUES (199, 1, 67, 72);
INSERT INTO Costs VALUES (200, 2, 67, 61);
INSERT INTO Costs VALUES (201, 0, 67, 18);
INSERT INTO Costs VALUES (202, 1, 68, 77);
INSERT INTO Costs VALUES (203, 2, 68, 11);
INSERT INTO Costs VALUES (204, 0, 68, 23);
INSERT INTO Costs VALUES (205, 1, 69, 87);
INSERT INTO Costs VALUES (206, 2, 69, 89);
INSERT INTO Costs VALUES (207, 0, 69, 84);
INSERT INTO Costs VALUES (208, 1, 70, 59);
INSERT INTO Costs VALUES (209, 2, 70, 80);
INSERT INTO Costs VALUES (210, 0, 70, 54);
INSERT INTO Costs VALUES (211, 1, 71, 46);
INSERT INTO Costs VALUES (212, 2, 71, 60);
INSERT INTO Costs VALUES (213, 0, 71, 33);
INSERT INTO Costs VALUES (214, 1, 72, 96);
INSERT INTO Costs VALUES (215, 2, 72, 79);
INSERT INTO Costs VALUES (216, 0, 72, 65);
INSERT INTO Costs VALUES (217, 1, 73, 25);
INSERT INTO Costs VALUES (218, 2, 73, 6);
INSERT INTO Costs VALUES (219, 0, 73, 65);
INSERT INTO Costs VALUES (220, 1, 74, 89);
INSERT INTO Costs VALUES (221, 2, 74, 35);
INSERT INTO Costs VALUES (222, 0, 74, 54);
INSERT INTO Costs VALUES (223, 1, 75, 44);
INSERT INTO Costs VALUES (224, 2, 75, 11);
INSERT INTO Costs VALUES (225, 0, 75, 52);
INSERT INTO Costs VALUES (226, 1, 76, 36);
INSERT INTO Costs VALUES (227, 2, 76, 79);
INSERT INTO Costs VALUES (228, 0, 76, 95);
INSERT INTO Costs VALUES (229, 1, 77, 72);
INSERT INTO Costs VALUES (230, 2, 77, 76);
INSERT INTO Costs VALUES (231, 0, 77, 37);

INSERT INTO Places VALUES (1, 1, 1, 1, 1);
INSERT INTO Places VALUES (2, 1, 1, 2, 0);
INSERT INTO Places VALUES (3, 1, 2, 1, 2);
INSERT INTO Places VALUES (4, 1, 2, 2, 1);
INSERT INTO Places VALUES (5, 2, 1, 1, 0);
INSERT INTO Places VALUES (6, 2, 1, 2, 0);
INSERT INTO Places VALUES (7, 2, 2, 1, 0);
INSERT INTO Places VALUES (8, 2, 2, 2, 0);
INSERT INTO Places VALUES (9, 3, 1, 1, 1);
INSERT INTO Places VALUES (10, 3, 1, 2, 0);
INSERT INTO Places VALUES (11, 3, 2, 1, 0);
INSERT INTO Places VALUES (12, 3, 2, 2, 0);
INSERT INTO Places VALUES (13, 4, 1, 1, 0);
INSERT INTO Places VALUES (14, 4, 1, 2, 2);
INSERT INTO Places VALUES (15, 4, 2, 1, 1);
INSERT INTO Places VALUES (16, 4, 2, 2, 1);
INSERT INTO Places VALUES (17, 5, 1, 1, 0);
INSERT INTO Places VALUES (18, 5, 1, 2, 0);
INSERT INTO Places VALUES (19, 5, 2, 1, 0);
INSERT INTO Places VALUES (20, 5, 2, 2, 0);
INSERT INTO Places VALUES (21, 6, 1, 1, 2);
INSERT INTO Places VALUES (22, 6, 1, 2, 2);
INSERT INTO Places VALUES (23, 6, 2, 1, 2);
INSERT INTO Places VALUES (24, 6, 2, 2, 1);
INSERT INTO Places VALUES (25, 7, 1, 1, 2);
INSERT INTO Places VALUES (26, 7, 1, 2, 1);
INSERT INTO Places VALUES (27, 7, 2, 1, 1);
INSERT INTO Places VALUES (28, 7, 2, 2, 0);
INSERT INTO Places VALUES (29, 8, 1, 1, 1);
INSERT INTO Places VALUES (30, 8, 1, 2, 0);
INSERT INTO Places VALUES (31, 8, 2, 1, 0);
INSERT INTO Places VALUES (32, 8, 2, 2, 2);
INSERT INTO Places VALUES (33, 9, 1, 1, 1);
INSERT INTO Places VALUES (34, 9, 1, 2, 2);
INSERT INTO Places VALUES (35, 9, 2, 1, 1);
INSERT INTO Places VALUES (36, 9, 2, 2, 1);
INSERT INTO Places VALUES (37, 10, 1, 1, 0);
INSERT INTO Places VALUES (38, 10, 1, 2, 1);
INSERT INTO Places VALUES (39, 10, 2, 1, 0);
INSERT INTO Places VALUES (40, 10, 2, 2, 1);
INSERT INTO Places VALUES (41, 11, 1, 1, 0);
INSERT INTO Places VALUES (42, 11, 1, 2, 1);
INSERT INTO Places VALUES (43, 11, 2, 1, 1);
INSERT INTO Places VALUES (44, 11, 2, 2, 1);
INSERT INTO Places VALUES (45, 12, 1, 1, 1);
INSERT INTO Places VALUES (46, 12, 1, 2, 1);
INSERT INTO Places VALUES (47, 12, 2, 1, 0);
INSERT INTO Places VALUES (48, 12, 2, 2, 1);
INSERT INTO Places VALUES (49, 13, 1, 1, 1);
INSERT INTO Places VALUES (50, 13, 1, 2, 2);
INSERT INTO Places VALUES (51, 13, 2, 1, 2);
INSERT INTO Places VALUES (52, 13, 2, 2, 2);
INSERT INTO Places VALUES (53, 14, 1, 1, 2);
INSERT INTO Places VALUES (54, 14, 1, 2, 1);
INSERT INTO Places VALUES (55, 14, 2, 1, 1);
INSERT INTO Places VALUES (56, 14, 2, 2, 0);
INSERT INTO Places VALUES (57, 15, 1, 1, 2);
INSERT INTO Places VALUES (58, 15, 1, 2, 2);
INSERT INTO Places VALUES (59, 15, 2, 1, 2);
INSERT INTO Places VALUES (60, 15, 2, 2, 1);
INSERT INTO Places VALUES (61, 16, 1, 1, 1);
INSERT INTO Places VALUES (62, 16, 1, 2, 0);
INSERT INTO Places VALUES (63, 16, 2, 1, 0);
INSERT INTO Places VALUES (64, 16, 2, 2, 0);
INSERT INTO Places VALUES (65, 17, 1, 1, 0);
INSERT INTO Places VALUES (66, 17, 1, 2, 1);
INSERT INTO Places VALUES (67, 17, 2, 1, 0);
INSERT INTO Places VALUES (68, 17, 2, 2, 2);
INSERT INTO Places VALUES (69, 18, 1, 1, 1);
INSERT INTO Places VALUES (70, 18, 1, 2, 0);
INSERT INTO Places VALUES (71, 18, 2, 1, 2);
INSERT INTO Places VALUES (72, 18, 2, 2, 2);
INSERT INTO Places VALUES (73, 19, 1, 1, 2);
INSERT INTO Places VALUES (74, 19, 1, 2, 2);
INSERT INTO Places VALUES (75, 19, 2, 1, 1);
INSERT INTO Places VALUES (76, 19, 2, 2, 0);
INSERT INTO Places VALUES (77, 20, 1, 1, 0);
INSERT INTO Places VALUES (78, 20, 1, 2, 2);
INSERT INTO Places VALUES (79, 20, 2, 1, 1);
INSERT INTO Places VALUES (80, 20, 2, 2, 1);
INSERT INTO Places VALUES (81, 21, 1, 1, 1);
INSERT INTO Places VALUES (82, 21, 1, 2, 0);
INSERT INTO Places VALUES (83, 21, 2, 1, 0);
INSERT INTO Places VALUES (84, 21, 2, 2, 1);
INSERT INTO Places VALUES (85, 22, 1, 1, 0);
INSERT INTO Places VALUES (86, 22, 1, 2, 2);
INSERT INTO Places VALUES (87, 22, 2, 1, 2);
INSERT INTO Places VALUES (88, 22, 2, 2, 2);
INSERT INTO Places VALUES (89, 23, 1, 1, 1);
INSERT INTO Places VALUES (90, 23, 1, 2, 0);
INSERT INTO Places VALUES (91, 23, 2, 1, 2);
INSERT INTO Places VALUES (92, 23, 2, 2, 0);
INSERT INTO Places VALUES (93, 24, 1, 1, 1);
INSERT INTO Places VALUES (94, 24, 1, 2, 1);
INSERT INTO Places VALUES (95, 24, 2, 1, 0);
INSERT INTO Places VALUES (96, 24, 2, 2, 0);
INSERT INTO Places VALUES (97, 25, 1, 1, 2);
INSERT INTO Places VALUES (98, 25, 1, 2, 1);
INSERT INTO Places VALUES (99, 25, 2, 1, 2);
INSERT INTO Places VALUES (100, 25, 2, 2, 2);

INSERT INTO Occupieds VALUES (1, 41, 1, true);
INSERT INTO Occupieds VALUES (2, 42, 1, true);
INSERT INTO Occupieds VALUES (3, 43, 1, false);
INSERT INTO Occupieds VALUES (4, 44, 1, false);
INSERT INTO Occupieds VALUES (5, 45, 2, false);
INSERT INTO Occupieds VALUES (6, 46, 2, true);
INSERT INTO Occupieds VALUES (7, 47, 2, true);
INSERT INTO Occupieds VALUES (8, 48, 2, false);
INSERT INTO Occupieds VALUES (9, 33, 3, false);
INSERT INTO Occupieds VALUES (10, 34, 3, true);
INSERT INTO Occupieds VALUES (11, 35, 3, true);
INSERT INTO Occupieds VALUES (12, 36, 3, true);
INSERT INTO Occupieds VALUES (13, 53, 4, false);
INSERT INTO Occupieds VALUES (14, 54, 4, false);
INSERT INTO Occupieds VALUES (15, 55, 4, false);
INSERT INTO Occupieds VALUES (16, 56, 4, true);
INSERT INTO Occupieds VALUES (17, 33, 5, true);
INSERT INTO Occupieds VALUES (18, 34, 5, false);
INSERT INTO Occupieds VALUES (19, 35, 5, true);
INSERT INTO Occupieds VALUES (20, 36, 5, true);
INSERT INTO Occupieds VALUES (21, 57, 6, true);
INSERT INTO Occupieds VALUES (22, 58, 6, true);
INSERT INTO Occupieds VALUES (23, 59, 6, true);
INSERT INTO Occupieds VALUES (24, 60, 6, false);
INSERT INTO Occupieds VALUES (25, 41, 7, true);
INSERT INTO Occupieds VALUES (26, 42, 7, false);
INSERT INTO Occupieds VALUES (27, 43, 7, false);
INSERT INTO Occupieds VALUES (28, 44, 7, false);
INSERT INTO Occupieds VALUES (29, 49, 8, true);
INSERT INTO Occupieds VALUES (30, 50, 8, false);
INSERT INTO Occupieds VALUES (31, 51, 8, false);
INSERT INTO Occupieds VALUES (32, 52, 8, false);
INSERT INTO Occupieds VALUES (33, 21, 9, false);
INSERT INTO Occupieds VALUES (34, 22, 9, false);
INSERT INTO Occupieds VALUES (35, 23, 9, false);
INSERT INTO Occupieds VALUES (36, 24, 9, false);
INSERT INTO Occupieds VALUES (37, 69, 10, false);
INSERT INTO Occupieds VALUES (38, 70, 10, false);
INSERT INTO Occupieds VALUES (39, 71, 10, false);
INSERT INTO Occupieds VALUES (40, 72, 10, true);
INSERT INTO Occupieds VALUES (41, 73, 11, false);
INSERT INTO Occupieds VALUES (42, 74, 11, false);
INSERT INTO Occupieds VALUES (43, 75, 11, true);
INSERT INTO Occupieds VALUES (44, 76, 11, false);
INSERT INTO Occupieds VALUES (45, 13, 12, true);
INSERT INTO Occupieds VALUES (46, 14, 12, false);
INSERT INTO Occupieds VALUES (47, 15, 12, false);
INSERT INTO Occupieds VALUES (48, 16, 12, false);
INSERT INTO Occupieds VALUES (49, 21, 13, false);
INSERT INTO Occupieds VALUES (50, 22, 13, false);
INSERT INTO Occupieds VALUES (51, 23, 13, true);
INSERT INTO Occupieds VALUES (52, 24, 13, true);
INSERT INTO Occupieds VALUES (53, 77, 14, true);
INSERT INTO Occupieds VALUES (54, 78, 14, true);
INSERT INTO Occupieds VALUES (55, 79, 14, false);
INSERT INTO Occupieds VALUES (56, 80, 14, false);
INSERT INTO Occupieds VALUES (57, 17, 15, true);
INSERT INTO Occupieds VALUES (58, 18, 15, false);
INSERT INTO Occupieds VALUES (59, 19, 15, true);
INSERT INTO Occupieds VALUES (60, 20, 15, true);
INSERT INTO Occupieds VALUES (61, 21, 16, false);
INSERT INTO Occupieds VALUES (62, 22, 16, false);
INSERT INTO Occupieds VALUES (63, 23, 16, true);
INSERT INTO Occupieds VALUES (64, 24, 16, true);
INSERT INTO Occupieds VALUES (65, 21, 17, true);
INSERT INTO Occupieds VALUES (66, 22, 17, true);
INSERT INTO Occupieds VALUES (67, 23, 17, true);
INSERT INTO Occupieds VALUES (68, 24, 17, true);
INSERT INTO Occupieds VALUES (69, 65, 18, true);
INSERT INTO Occupieds VALUES (70, 66, 18, false);
INSERT INTO Occupieds VALUES (71, 67, 18, true);
INSERT INTO Occupieds VALUES (72, 68, 18, true);
INSERT INTO Occupieds VALUES (73, 61, 19, true);
INSERT INTO Occupieds VALUES (74, 62, 19, true);
INSERT INTO Occupieds VALUES (75, 63, 19, false);
INSERT INTO Occupieds VALUES (76, 64, 19, true);
INSERT INTO Occupieds VALUES (77, 49, 20, false);
INSERT INTO Occupieds VALUES (78, 50, 20, true);
INSERT INTO Occupieds VALUES (79, 51, 20, false);
INSERT INTO Occupieds VALUES (80, 52, 20, true);
INSERT INTO Occupieds VALUES (81, 9, 21, true);
INSERT INTO Occupieds VALUES (82, 10, 21, false);
INSERT INTO Occupieds VALUES (83, 11, 21, true);
INSERT INTO Occupieds VALUES (84, 12, 21, true);
INSERT INTO Occupieds VALUES (85, 49, 22, false);
INSERT INTO Occupieds VALUES (86, 50, 22, false);
INSERT INTO Occupieds VALUES (87, 51, 22, false);
INSERT INTO Occupieds VALUES (88, 52, 22, true);
INSERT INTO Occupieds VALUES (89, 17, 23, false);
INSERT INTO Occupieds VALUES (90, 18, 23, true);
INSERT INTO Occupieds VALUES (91, 19, 23, true);
INSERT INTO Occupieds VALUES (92, 20, 23, true);
INSERT INTO Occupieds VALUES (93, 61, 24, true);
INSERT INTO Occupieds VALUES (94, 62, 24, false);
INSERT INTO Occupieds VALUES (95, 63, 24, true);
INSERT INTO Occupieds VALUES (96, 64, 24, false);
INSERT INTO Occupieds VALUES (97, 13, 25, true);
INSERT INTO Occupieds VALUES (98, 14, 25, true);
INSERT INTO Occupieds VALUES (99, 15, 25, true);
INSERT INTO Occupieds VALUES (100, 16, 25, false);
INSERT INTO Occupieds VALUES (101, 25, 26, true);
INSERT INTO Occupieds VALUES (102, 26, 26, true);
INSERT INTO Occupieds VALUES (103, 27, 26, true);
INSERT INTO Occupieds VALUES (104, 28, 26, true);
INSERT INTO Occupieds VALUES (105, 5, 27, true);
INSERT INTO Occupieds VALUES (106, 6, 27, true);
INSERT INTO Occupieds VALUES (107, 7, 27, false);
INSERT INTO Occupieds VALUES (108, 8, 27, true);
INSERT INTO Occupieds VALUES (109, 61, 28, false);
INSERT INTO Occupieds VALUES (110, 62, 28, false);
INSERT INTO Occupieds VALUES (111, 63, 28, true);
INSERT INTO Occupieds VALUES (112, 64, 28, true);
INSERT INTO Occupieds VALUES (113, 41, 29, true);
INSERT INTO Occupieds VALUES (114, 42, 29, true);
INSERT INTO Occupieds VALUES (115, 43, 29, true);
INSERT INTO Occupieds VALUES (116, 44, 29, true);
INSERT INTO Occupieds VALUES (117, 13, 30, true);
INSERT INTO Occupieds VALUES (118, 14, 30, true);
INSERT INTO Occupieds VALUES (119, 15, 30, false);
INSERT INTO Occupieds VALUES (120, 16, 30, false);
INSERT INTO Occupieds VALUES (121, 53, 31, true);
INSERT INTO Occupieds VALUES (122, 54, 31, true);
INSERT INTO Occupieds VALUES (123, 55, 31, false);
INSERT INTO Occupieds VALUES (124, 56, 31, false);
INSERT INTO Occupieds VALUES (125, 45, 32, false);
INSERT INTO Occupieds VALUES (126, 46, 32, true);
INSERT INTO Occupieds VALUES (127, 47, 32, true);
INSERT INTO Occupieds VALUES (128, 48, 32, true);
INSERT INTO Occupieds VALUES (129, 69, 33, true);
INSERT INTO Occupieds VALUES (130, 70, 33, true);
INSERT INTO Occupieds VALUES (131, 71, 33, true);
INSERT INTO Occupieds VALUES (132, 72, 33, false);
INSERT INTO Occupieds VALUES (133, 29, 34, false);
INSERT INTO Occupieds VALUES (134, 30, 34, false);
INSERT INTO Occupieds VALUES (135, 31, 34, false);
INSERT INTO Occupieds VALUES (136, 32, 34, true);
INSERT INTO Occupieds VALUES (137, 73, 35, true);
INSERT INTO Occupieds VALUES (138, 74, 35, true);
INSERT INTO Occupieds VALUES (139, 75, 35, false);
INSERT INTO Occupieds VALUES (140, 76, 35, false);
INSERT INTO Occupieds VALUES (141, 45, 36, false);
INSERT INTO Occupieds VALUES (142, 46, 36, true);
INSERT INTO Occupieds VALUES (143, 47, 36, false);
INSERT INTO Occupieds VALUES (144, 48, 36, true);
INSERT INTO Occupieds VALUES (145, 81, 37, false);
INSERT INTO Occupieds VALUES (146, 82, 37, true);
INSERT INTO Occupieds VALUES (147, 83, 37, true);
INSERT INTO Occupieds VALUES (148, 84, 37, true);
INSERT INTO Occupieds VALUES (149, 29, 38, true);
INSERT INTO Occupieds VALUES (150, 30, 38, true);
INSERT INTO Occupieds VALUES (151, 31, 38, true);
INSERT INTO Occupieds VALUES (152, 32, 38, true);
INSERT INTO Occupieds VALUES (153, 37, 39, true);
INSERT INTO Occupieds VALUES (154, 38, 39, false);
INSERT INTO Occupieds VALUES (155, 39, 39, false);
INSERT INTO Occupieds VALUES (156, 40, 39, false);
INSERT INTO Occupieds VALUES (157, 57, 40, false);
INSERT INTO Occupieds VALUES (158, 58, 40, false);
INSERT INTO Occupieds VALUES (159, 59, 40, true);
INSERT INTO Occupieds VALUES (160, 60, 40, true);
INSERT INTO Occupieds VALUES (161, 57, 41, false);
INSERT INTO Occupieds VALUES (162, 58, 41, false);
INSERT INTO Occupieds VALUES (163, 59, 41, false);
INSERT INTO Occupieds VALUES (164, 60, 41, false);
INSERT INTO Occupieds VALUES (165, 21, 42, false);
INSERT INTO Occupieds VALUES (166, 22, 42, true);
INSERT INTO Occupieds VALUES (167, 23, 42, true);
INSERT INTO Occupieds VALUES (168, 24, 42, false);
INSERT INTO Occupieds VALUES (169, 45, 43, true);
INSERT INTO Occupieds VALUES (170, 46, 43, true);
INSERT INTO Occupieds VALUES (171, 47, 43, false);
INSERT INTO Occupieds VALUES (172, 48, 43, true);
INSERT INTO Occupieds VALUES (173, 61, 44, false);
INSERT INTO Occupieds VALUES (174, 62, 44, true);
INSERT INTO Occupieds VALUES (175, 63, 44, false);
INSERT INTO Occupieds VALUES (176, 64, 44, true);
INSERT INTO Occupieds VALUES (177, 41, 45, true);
INSERT INTO Occupieds VALUES (178, 42, 45, true);
INSERT INTO Occupieds VALUES (179, 43, 45, true);
INSERT INTO Occupieds VALUES (180, 44, 45, true);
INSERT INTO Occupieds VALUES (181, 5, 46, true);
INSERT INTO Occupieds VALUES (182, 6, 46, true);
INSERT INTO Occupieds VALUES (183, 7, 46, true);
INSERT INTO Occupieds VALUES (184, 8, 46, true);
INSERT INTO Occupieds VALUES (185, 81, 47, true);
INSERT INTO Occupieds VALUES (186, 82, 47, true);
INSERT INTO Occupieds VALUES (187, 83, 47, true);
INSERT INTO Occupieds VALUES (188, 84, 47, true);
INSERT INTO Occupieds VALUES (189, 37, 48, true);
INSERT INTO Occupieds VALUES (190, 38, 48, false);
INSERT INTO Occupieds VALUES (191, 39, 48, true);
INSERT INTO Occupieds VALUES (192, 40, 48, true);
INSERT INTO Occupieds VALUES (193, 77, 49, false);
INSERT INTO Occupieds VALUES (194, 78, 49, true);
INSERT INTO Occupieds VALUES (195, 79, 49, false);
INSERT INTO Occupieds VALUES (196, 80, 49, false);
INSERT INTO Occupieds VALUES (197, 57, 50, false);
INSERT INTO Occupieds VALUES (198, 58, 50, false);
INSERT INTO Occupieds VALUES (199, 59, 50, false);
INSERT INTO Occupieds VALUES (200, 60, 50, true);
INSERT INTO Occupieds VALUES (201, 81, 51, true);
INSERT INTO Occupieds VALUES (202, 82, 51, true);
INSERT INTO Occupieds VALUES (203, 83, 51, true);
INSERT INTO Occupieds VALUES (204, 84, 51, true);
INSERT INTO Occupieds VALUES (205, 45, 52, false);
INSERT INTO Occupieds VALUES (206, 46, 52, true);
INSERT INTO Occupieds VALUES (207, 47, 52, false);
INSERT INTO Occupieds VALUES (208, 48, 52, false);
INSERT INTO Occupieds VALUES (209, 53, 53, false);
INSERT INTO Occupieds VALUES (210, 54, 53, true);
INSERT INTO Occupieds VALUES (211, 55, 53, true);
INSERT INTO Occupieds VALUES (212, 56, 53, false);
INSERT INTO Occupieds VALUES (213, 65, 54, false);
INSERT INTO Occupieds VALUES (214, 66, 54, true);
INSERT INTO Occupieds VALUES (215, 67, 54, false);
INSERT INTO Occupieds VALUES (216, 68, 54, false);
INSERT INTO Occupieds VALUES (217, 53, 55, true);
INSERT INTO Occupieds VALUES (218, 54, 55, true);
INSERT INTO Occupieds VALUES (219, 55, 55, true);
INSERT INTO Occupieds VALUES (220, 56, 55, false);
INSERT INTO Occupieds VALUES (221, 77, 56, true);
INSERT INTO Occupieds VALUES (222, 78, 56, false);
INSERT INTO Occupieds VALUES (223, 79, 56, true);
INSERT INTO Occupieds VALUES (224, 80, 56, false);
INSERT INTO Occupieds VALUES (225, 33, 57, false);
INSERT INTO Occupieds VALUES (226, 34, 57, true);
INSERT INTO Occupieds VALUES (227, 35, 57, true);
INSERT INTO Occupieds VALUES (228, 36, 57, true);
INSERT INTO Occupieds VALUES (229, 77, 58, false);
INSERT INTO Occupieds VALUES (230, 78, 58, true);
INSERT INTO Occupieds VALUES (231, 79, 58, false);
INSERT INTO Occupieds VALUES (232, 80, 58, false);
INSERT INTO Occupieds VALUES (233, 65, 59, false);
INSERT INTO Occupieds VALUES (234, 66, 59, false);
INSERT INTO Occupieds VALUES (235, 67, 59, true);
INSERT INTO Occupieds VALUES (236, 68, 59, true);
INSERT INTO Occupieds VALUES (237, 17, 60, false);
INSERT INTO Occupieds VALUES (238, 18, 60, false);
INSERT INTO Occupieds VALUES (239, 19, 60, false);
INSERT INTO Occupieds VALUES (240, 20, 60, true);
INSERT INTO Occupieds VALUES (241, 57, 61, true);
INSERT INTO Occupieds VALUES (242, 58, 61, true);
INSERT INTO Occupieds VALUES (243, 59, 61, false);
INSERT INTO Occupieds VALUES (244, 60, 61, true);
INSERT INTO Occupieds VALUES (245, 25, 62, true);
INSERT INTO Occupieds VALUES (246, 26, 62, true);
INSERT INTO Occupieds VALUES (247, 27, 62, true);
INSERT INTO Occupieds VALUES (248, 28, 62, true);
INSERT INTO Occupieds VALUES (249, 33, 63, false);
INSERT INTO Occupieds VALUES (250, 34, 63, false);
INSERT INTO Occupieds VALUES (251, 35, 63, false);
INSERT INTO Occupieds VALUES (252, 36, 63, true);
INSERT INTO Occupieds VALUES (253, 25, 64, true);
INSERT INTO Occupieds VALUES (254, 26, 64, false);
INSERT INTO Occupieds VALUES (255, 27, 64, true);
INSERT INTO Occupieds VALUES (256, 28, 64, false);
INSERT INTO Occupieds VALUES (257, 65, 65, true);
INSERT INTO Occupieds VALUES (258, 66, 65, false);
INSERT INTO Occupieds VALUES (259, 67, 65, true);
INSERT INTO Occupieds VALUES (260, 68, 65, true);
INSERT INTO Occupieds VALUES (261, 37, 66, true);
INSERT INTO Occupieds VALUES (262, 38, 66, true);
INSERT INTO Occupieds VALUES (263, 39, 66, true);
INSERT INTO Occupieds VALUES (264, 40, 66, false);
INSERT INTO Occupieds VALUES (265, 41, 67, false);
INSERT INTO Occupieds VALUES (266, 42, 67, true);
INSERT INTO Occupieds VALUES (267, 43, 67, false);
INSERT INTO Occupieds VALUES (268, 44, 67, false);
INSERT INTO Occupieds VALUES (269, 13, 68, false);
INSERT INTO Occupieds VALUES (270, 14, 68, true);
INSERT INTO Occupieds VALUES (271, 15, 68, true);
INSERT INTO Occupieds VALUES (272, 16, 68, false);
INSERT INTO Occupieds VALUES (273, 37, 69, false);
INSERT INTO Occupieds VALUES (274, 38, 69, false);
INSERT INTO Occupieds VALUES (275, 39, 69, true);
INSERT INTO Occupieds VALUES (276, 40, 69, false);
INSERT INTO Occupieds VALUES (277, 65, 70, true);
INSERT INTO Occupieds VALUES (278, 66, 70, true);
INSERT INTO Occupieds VALUES (279, 67, 70, false);
INSERT INTO Occupieds VALUES (280, 68, 70, true);
INSERT INTO Occupieds VALUES (281, 57, 71, true);
INSERT INTO Occupieds VALUES (282, 58, 71, false);
INSERT INTO Occupieds VALUES (283, 59, 71, true);
INSERT INTO Occupieds VALUES (284, 60, 71, false);
INSERT INTO Occupieds VALUES (285, 13, 72, false);
INSERT INTO Occupieds VALUES (286, 14, 72, true);
INSERT INTO Occupieds VALUES (287, 15, 72, false);
INSERT INTO Occupieds VALUES (288, 16, 72, false);
INSERT INTO Occupieds VALUES (289, 77, 73, false);
INSERT INTO Occupieds VALUES (290, 78, 73, false);
INSERT INTO Occupieds VALUES (291, 79, 73, false);
INSERT INTO Occupieds VALUES (292, 80, 73, true);
INSERT INTO Occupieds VALUES (293, 53, 74, false);
INSERT INTO Occupieds VALUES (294, 54, 74, true);
INSERT INTO Occupieds VALUES (295, 55, 74, false);
INSERT INTO Occupieds VALUES (296, 56, 74, true);
INSERT INTO Occupieds VALUES (297, 57, 75, false);
INSERT INTO Occupieds VALUES (298, 58, 75, false);
INSERT INTO Occupieds VALUES (299, 59, 75, true);
INSERT INTO Occupieds VALUES (300, 60, 75, false);
INSERT INTO Occupieds VALUES (301, 49, 76, true);
INSERT INTO Occupieds VALUES (302, 50, 76, false);
INSERT INTO Occupieds VALUES (303, 51, 76, true);
INSERT INTO Occupieds VALUES (304, 52, 76, false);
INSERT INTO Occupieds VALUES (305, 61, 77, false);
INSERT INTO Occupieds VALUES (306, 62, 77, false);
INSERT INTO Occupieds VALUES (307, 63, 77, false);
INSERT INTO Occupieds VALUES (308, 64, 77, true);

INSERT INTO Registration VALUES (1, "admin", "admin");
INSERT INTO Registration VALUES (2, "enzet", "mexico");